accuracy,f1,precision,recall
0.6727277777777778,0.6748404108943458,0.6850415063325002,0.6727277777777778
